run,experiment,change,exact_output,changed_prompts,total_elapsed_s,change_vs_control,prefill_tps,decode_tps,completion_tps,cache_hit_rate,cache_ssd_gib,start_c,average_c,maximum_c,average_power_w,maximum_vram_mib
20260806T113610Z_baseline_before,baseline_before,DS4_BENCH_MAX_GPU_TEMP=<unset>; DS4_CUDA_CACHE_SUMMARY=<unset>; DS4_CUDA_DECODE_CACHE_EXTRA_EXPERTS=<unset>; DS4_CUDA_LAYER_CACHE_CAPACITIES_FILE=<unset>; DS4_CUDA_PINNED_EXPERTS_PREFILL_ONLY=<unset>; cache_budget=<unset>,True,,119.29614379499435,-0.00828637937777202,4.437820831263454,3.077080004080106,1.5172326132439056,0.0,0,,,,,
20260806T114710Z_refactor_flag_off,refactor_flag_off,DS4_BENCH_MAX_GPU_TEMP=<unset>; DS4_CUDA_CACHE_SUMMARY=<unset>; DS4_CUDA_LAYER_CACHE_CAPACITIES_FILE=<unset>; DS4_CUDA_PINNED_EXPERTS_PREFILL_ONLY=<unset>,True,,120.14823430499746,-0.0012029168458634165,4.3968303446918116,3.062139437310731,1.5064724092451476,0.0,0,,,,,
20260806T114923Z_decode_reclaim_512,decode_reclaim_512,DS4_BENCH_MAX_GPU_TEMP=<unset>; DS4_CUDA_CACHE_SUMMARY=<unset>; DS4_CUDA_DECODE_CACHE_EXTRA_EXPERTS=512; DS4_CUDA_LAYER_CACHE_CAPACITIES_FILE=<unset>; DS4_CUDA_PINNED_EXPERTS_PREFILL_ONLY=<unset>,False,"fact,arithmetic,translation,summary,sentiment,python,logic,formatting,creative,practical",0,-1.0,0.0,0.0,0.0,0.0,0,,,,,
20260806T115108Z_decode_reclaim_512_fixed,decode_reclaim_512_fixed,DS4_BENCH_MAX_GPU_TEMP=<unset>; DS4_CUDA_CACHE_SUMMARY=<unset>; DS4_CUDA_DECODE_CACHE_EXTRA_EXPERTS=512; DS4_CUDA_LAYER_CACHE_CAPACITIES_FILE=<unset>; DS4_CUDA_PINNED_EXPERTS_PREFILL_ONLY=<unset>,True,,135.11964433499998,0.12325501426872745,4.179076548831262,2.554584844678419,1.3395535555973608,0.0,0,,,,,
20260806T115643Z_layer_quota_replay_profile,layer_quota_replay_profile,DS4_BENCH_MAX_GPU_TEMP=<unset>; DS4_CUDA_LAYER_CACHE_CAPACITIES_FILE=/mnt/c/Users/gmart/OneDrive/ds4/logs/expert_trace_10prompts_20260806T110937Z/analysis/recommended_layer_capacities.txt; DS4_CUDA_PINNED_EXPERTS_PREFILL_ONLY=<unset>,True,,125.40069367999786,0.042460988275027645,4.313744426738777,2.864785299377978,1.4433731958603238,0.0,0,,,,,
20260806T115931Z_prefill_shared_overlap,prefill_shared_overlap,DS4_BENCH_MAX_GPU_TEMP=<unset>; DS4_CUDA_PINNED_EXPERTS_PREFILL_ONLY=<unset>; DS4_CUDA_STREAMING_PREFILL_SHARED_OVERLAP=1,False,sentiment,162.55621344200154,0.351336311961924,3.344314665069382,2.198870193767843,1.1134609755448015,0.0,0,,,,,
20260806T120209Z_prompt_cache_default,prompt_cache_default,DS4_BENCH_MAX_GPU_TEMP=<unset>; DS4_CUDA_PINNED_EXPERTS_PREFILL_ONLY=<unset>; DS4_CUDA_PROMPT_EXPERT_CACHE=1,True,,185.4922048510016,0.5420041270244774,2.7802848754577614,2.0335707705098534,0.9757822445713554,0.0,0,,,,,
20260806T120715Z_baseline_control_mid,baseline_control_mid,DS4_BENCH_MAX_GPU_TEMP=<unset>; DS4_CUDA_PINNED_EXPERTS_PREFILL_ONLY=<unset>,True,,160.92472972600262,0.33777372249750764,3.2763236714385258,2.289748001214452,1.1247494422279185,0.49854544238614323,197.72,,,,,
20260806T121545Z_steady_baseline_78c,steady_baseline_78c,DS4_BENCH_MAX_GPU_TEMP=78; DS4_CUDA_PINNED_EXPERTS_PREFILL_ONLY=<unset>,True,,166.12125706700135,0.3809726623799256,3.1214694200822297,2.2579276964147605,1.0895655570857956,0.49847856617401193,197.72,77,79.0718954248366,81,40.87830065359477,15914
20260806T121901Z_pin_workload_2_per_layer,pin_workload_2_per_layer,DS4_BENCH_MAX_GPU_TEMP=78; DS4_CUDA_PINNED_EXPERTS_FILE=/mnt/c/Users/gmart/OneDrive/ds4/logs/expert_trace_10prompts_20260806T110937Z/analysis/recommended_pinned_experts.txt; DS4_CUDA_PINNED_EXPERTS_PREFILL_ONLY=<unset>,False,creative,180.84190230600325,0.5033459757449674,3.0092748545891443,1.9958338332006413,1.0119336153097143,0.5026521681474605,197.79,72,74.19161676646706,78,36.20287425149701,15932
20260806T122202Z_pin_conservative_6_layers,pin_conservative_6_layers,DS4_BENCH_MAX_GPU_TEMP=78; DS4_CUDA_PINNED_EXPERTS_FILE=/mnt/c/Users/gmart/OneDrive/ds4/profiles/ds4-flash-0731-prefill-pinned-conservative.txt; DS4_CUDA_PINNED_EXPERTS_PREFILL_ONLY=<unset>,True,,168.07619396899645,0.39722413113232047,3.4144912025888976,2.022820997105466,1.0768925433508298,0.4980271517421253,197.91,73,75.2987012987013,78,38.08974025974026,15932
20260806T122650Z_pin_conservative_prefill_only,pin_conservative_prefill_only,DS4_BENCH_MAX_GPU_TEMP=78; DS4_CUDA_PINNED_EXPERTS_FILE=/mnt/c/Users/gmart/OneDrive/ds4/profiles/ds4-flash-0731-prefill-pinned-conservative.txt; DS4_CUDA_PINNED_EXPERTS_PREFILL_ONLY=1,False,creative,126.7075294080023,0.05332476601460746,4.209137597964537,2.9071614666073584,1.444270919455261,0.5001989126110595,198.76,65,71.09401709401709,76,41.48239316239316,15930
20260806T122916Z_baseline_post_build_72,baseline_post_build_72,baseline profile,True,,126.83491001800212,0.054383686126535574,4.2192100001574335,2.863697492287003,1.4270519053020185,0.4985621614391761,197.70000000000002,68,72.7008547008547,76,41.92974358974359,15914
20260806T123132Z_staging_chunk_128mb,staging_chunk_128mb,DS4_CUDA_MODEL_COPY_CHUNK_MB=128,True,,130.57978586999707,0.08551498904899008,4.274799419392915,2.6703648515070593,1.3861257222477024,0.49859559954524174,197.68,70,73.12605042016807,76,39.85134453781513,15914
20260806T123352Z_staging_chunk_32mb,staging_chunk_32mb,DS4_CUDA_MODEL_COPY_CHUNK_MB=32,True,,123.96789746200011,0.030550095938003057,4.436792265412886,2.851291745431632,1.4600554151971639,0.4984952852270447,197.71,70,70.65517241379311,73,40.98706896551724,15932
20260806T123621Z_baseline_control_after_chunk32,baseline_control_after_chunk32,baseline profile,True,,120.29293670499828,0.0,4.418650662797599,3.038595195326271,1.5046602482062381,0.4984284090149134,197.76,66,69.59292035398231,73,41.6870796460177,15974
20260806T123828Z_staging_chunk_16mb,staging_chunk_16mb,DS4_CUDA_MODEL_COPY_CHUNK_MB=16,True,,123.0345810919971,0.022791399579198207,4.256062506947863,3.0174210219221473,1.4711311112170993,0.4984618471209791,197.74,67,70.02608695652174,73,41.81817391304348,15914
20260806T124052Z_cache_1040_experts,cache_1040_experts,DS4_EXPERIMENT_CACHE_BUDGET=1040; cache_budget=1040,True,,128.07624555299844,0.06470295813866149,4.167055384519701,2.8430510178436794,1.4132206891175734,0.5048318063264897,195.24,65,69.15966386554622,74,41.22579831932773,15958
20260806T124312Z_cache_1024_experts,cache_1024_experts,DS4_EXPERIMENT_CACHE_BUDGET=1024; cache_budget=1024,False,summary,121.21207271799904,0.007640814483187868,4.371513391837667,3.0596378592566587,1.5097506040157496,0.504193740883172,197.17,69,71.01769911504425,73,41.87557522123893,15914
20260806T124533Z_read_threads_8,read_threads_8,DS4_CUDA_STREAMING_READ_THREADS=8,True,,124.18902795699796,0.03238836259816568,4.246553636507685,2.9674076988654994,1.4574556462642865,0.49867919481040596,197.65,66,68.60344827586206,71,39.715603448275864,15914
20260806T124738Z_read_threads_2,read_threads_2,DS4_CUDA_STREAMING_READ_THREADS=2,False,summary,129.92983393299983,0.0801119125691868,4.039977689675445,2.8813906252460204,1.4084525044060825,0.5004972815276488,198.63,67,69.09836065573771,71,39.107213114754096,15914
20260806T125045Z_small_miss_parallel_off,small_miss_parallel_off,DS4_CUDA_STREAMING_SMALL_MISS_PARALLEL=0,False,creative,129.29364261400042,0.0748232286578481,4.223598569019589,2.784159199135846,1.4153828162018545,0.5002983689165893,198.72,63,68.925,74,42.044,15914
20260806T125440Z_final_best_complete_trace,final_best_complete_trace,baseline profile,True,,126.04676197500339,0.04783177988343211,4.195891783567134,2.9151701589653563,1.435975007718917,0.5095731101971351,227.93,60,65.97457627118644,71,38.394067796610166,15974
20260806T125902Z_final_best_complete_trace_repeat,final_best_complete_trace_repeat,baseline profile,True,,121.91497386000447,0.013484059824593057,4.401162695219483,2.9708170567573777,1.4846412566830647,0.5096582045099985,227.9,58,65.4424778761062,70,40.96690265486726,15974
